ID,Title,First Name,Last Name,Email Address,Company,Service,Summary,Description,Assignee,Ticket Status
IRN1,Mr,2,3,4,5,6,7,8,9,1
IRN1,bob,bob,3,4,5,6,7,8,9,1
IRN1,1,2,Bob Bob1,4,5,6,7,8,9,1
IRN1,Mr,2,3,4,5,6,7,8,9,1
IRN1,1,2,Bob Bob,4,5,6,7,8,9,1
IRN31423,1,2,3,4,5,Service Request,6,7,IT Team,New
IRN22251,Mr,Andrew,Walker,andrewwalker@gmail.com,home,Service Request,pc doesn't work,it won't turn on!!!,IT Team,New
IRN31248,Tree,Angel,Delight,angel.delight9853@yahoo.co.uk,Desertsrhappy,Service Request,Can't open word,get error message on screen and won't open,IT Team,New
IRN27846,Mrs,Argus,Morvan,argusmorvan@aol.com,Home,Service Request,Can't open application,get error message on screen and won't open,IT Team,New
IRN17352,Miss,Sue,Parker,sueparker@amazon.co.uk,amazon,Service Request,keyboard doesn't work,no input from keyboard,IT Team,New
